epoch,loss,val_loss
0,5.63608455657959,5.11658239364624
1,3.7842748165130615,3.860032320022583
2,3.7703800201416016,3.8686041831970215
